followers,following,engagement_rate,is_promotional,post_frequency,sentiment,category
454,550,0.8083922479977916,False,29,0.10868116029263142,brand
590,410,0.5699786656626319,False,8,0.3475410942430881,individual
644,207,0.07411079178571678,True,9,-0.928346698188192,individual
343,782,0.24722769267765476,False,23,0.6811025967755187,individual
143,852,0.5218801121411074,False,25,-0.18856150384989312,influencer
495,510,0.4370282612538663,False,13,-0.9768230510573348,individual
705,252,0.15102817062403318,True,27,0.7973171189639903,individual
905,673,0.5086980396709737,False,26,0.7382564947353423,brand
428,66,0.4349547534096816,False,6,-0.7843231502643886,influencer
295,82,0.8398090734616634,True,10,0.9366734734016058,influencer
167,586,0.6009749428058994,False,29,-0.8145720368372245,influencer
74,886,0.4057379888186925,True,8,-0.7415469320623813,individual
668,492,0.9190871651497726,False,16,0.5709697725707872,individual
615,267,0.8736245324619801,True,16,0.6784123495956771,influencer
627,712,0.005653780611474479,True,7,0.07654541711126317,influencer
727,842,0.8755971977123688,True,6,0.3740130697394406,individual
695,776,0.3447817336827702,True,22,-0.6902009470034061,individual
182,360,0.7377157885242439,True,2,-0.39267747343219783,influencer
74,757,0.8707408284986092,True,12,-0.8180870063596282,brand
141,184,0.06646185811398231,True,18,-0.2993379703376582,influencer
362,173,0.738109754843536,False,11,0.3723369767693141,individual
857,493,0.7439948163261565,False,15,0.45965969792077077,individual
651,285,0.24245816973625334,False,29,-0.3259015127678955,influencer
240,611,0.5012102999734184,True,19,-0.781665964560919,influencer
969,821,0.9137091549163358,False,20,0.15859544451819207,brand
816,86,0.33156884726075075,True,14,-0.885552983322069,brand
928,651,0.5921356181864926,True,25,-0.5347515968535081,individual
853,803,0.09388222617815134,True,26,0.410769222633522,influencer
286,816,0.8764591326028738,False,7,0.0665163759398355,individual
782,363,0.6944034927890663,True,17,-0.5192153017095411,individual
695,983,0.4659034880605841,True,1,-0.2218484316806646,brand
620,202,0.8302002774775938,True,24,0.887687955303369,brand
163,992,0.6899755318138181,False,27,-0.4618048737668283,individual
798,237,0.7714238618925636,True,27,-0.6424421746695019,influencer
466,630,0.6414507318437723,True,20,0.20481098099906947,brand
784,417,0.5638977562978613,False,21,-0.9961854001936101,individual
433,803,0.9705157183174066,True,9,-0.11035577161628951,brand
61,160,0.99148110322956,False,10,0.9755799436090604,individual
524,896,0.6827556985655504,False,29,-0.9721544933048474,influencer
281,266,0.5922500874617768,True,29,0.8454067482599985,influencer
315,761,0.1044113539030701,True,14,-0.6282350423929675,individual
405,896,0.15841318842632135,True,19,0.9414692080950557,brand
594,59,0.9093308205239544,False,20,-0.1510113805376696,brand
155,698,0.09364701321761892,False,11,-0.12867408839146122,influencer
267,176,0.8449309269517549,True,19,-0.07966564485673122,influencer
819,237,0.572600493774537,False,22,0.9050598477170011,influencer
537,680,0.8719059091337308,True,6,-0.5956724597726615,individual
941,362,0.7665187178094993,True,11,0.21171243797817163,individual
882,940,0.19403793336842745,False,18,0.45724140298274674,influencer
148,85,0.2546448820135603,False,1,0.7711533361283613,influencer
470,696,0.3452007476301433,False,18,-0.1614737437429028,individual
166,279,0.912900426333965,True,21,0.7072767404925164,brand
897,167,0.6100949964838849,True,9,-0.8695953357073247,influencer
909,631,0.5782691047133712,False,24,0.9151672362173839,influencer
939,528,0.07407204191633798,True,6,0.7779630702493745,brand
832,504,0.9947730734525881,False,1,0.23426259101805047,influencer
69,722,0.7247191770574898,True,12,-0.08604004426681455,brand
885,792,0.27719777945633495,True,3,-0.5271598022037849,influencer
102,464,0.02817134146333322,False,14,-0.010141463796810468,individual
101,859,0.8747609579390021,False,16,0.08848200752640079,brand
535,523,0.3947804444753722,True,9,0.9764437716371042,brand
794,422,0.7101427798224569,True,20,0.4606211247468823,influencer
949,282,0.8336731855456118,True,3,-0.6198107393553214,individual
654,268,0.9874353327935477,False,6,0.8646883614823853,influencer
295,287,0.012569191569035687,False,17,-0.9608489786291692,influencer
337,560,0.88201551202282,False,7,0.26989282280396476,individual
85,174,0.9398272644134275,False,20,0.8751379842919262,individual
163,984,0.04087253919659928,True,21,0.9535778217258699,brand
300,694,0.47440361435806866,False,11,0.24934391470144734,influencer
244,899,0.25230305146626086,True,6,-0.49902356994565356,influencer
478,653,0.11150042540407457,True,5,-0.1459237635615509,brand
365,125,0.8927398579773701,False,16,-0.12347734322937853,individual
409,347,0.5759548024484455,False,29,0.6498349813845796,brand
845,284,0.12141162487539081,False,5,-0.787130223640558,individual
983,333,0.8388488604587818,False,9,-0.5110146261897672,individual
182,280,0.6886001930208389,True,27,0.1005812221738549,brand
869,896,0.7427902989308226,False,15,0.42642715890699745,brand
629,104,0.31803993574488965,False,17,-0.6753826245365562,brand
272,508,0.4037530640823431,False,8,0.41152429239052135,brand
967,111,0.07554956777398614,False,7,-0.5653023494986806,brand
490,101,0.42811294933743305,True,8,0.15520027651623858,individual
223,453,0.5305145645214713,True,19,-0.10602220994933798,individual
680,504,0.6676761372771876,True,6,0.49783393576502477,individual
531,503,0.8426850007528526,False,23,-0.26910306088052116,brand
348,657,0.661753313628848,True,8,-0.49500296156564505,brand
890,508,0.4943973282493378,False,4,-0.9318498782498896,brand
727,750,0.33117799812369986,True,3,-0.8288819183195484,individual
878,963,0.19297788689616246,True,8,-0.9604243442184626,individual
810,700,0.678047008668949,True,17,-0.5663211297411612,brand
517,498,0.6204656111198966,True,1,0.9838089521379147,individual
737,761,0.06840316943310709,True,29,-0.06648480705839899,individual
511,941,0.08592749400399136,True,17,-0.9970164019621646,individual
778,170,0.4339420147671633,True,1,0.9066937658113015,influencer
769,998,0.41796700212127214,True,12,0.7248197425043885,influencer
948,824,0.8409945535619207,False,21,0.10972606726200418,influencer
982,464,0.4164302302569668,True,29,0.5480954625884908,brand
271,892,0.9625901714856068,True,8,0.9503537287240196,individual
811,800,0.7307698674029667,False,21,0.9858216407900888,influencer
164,475,0.1654427994851031,True,1,-0.18835507900394988,individual
672,903,0.25893105869286404,False,11,0.585945235609779,influencer
682,973,0.3320378445283566,False,17,-0.004055656778455097,brand
98,503,0.021442450478535435,True,15,-0.038831981045282404,brand
448,129,0.9522346795435931,True,26,-0.3165188010979312,influencer
902,666,0.5638201605702415,False,24,-0.44130312591389,individual
958,131,0.5108219637261434,True,9,0.23759639067803717,influencer
970,803,0.9031124038433491,True,3,0.5624091551536203,brand
572,818,0.41679692238269883,True,27,0.13150050890669474,brand
578,905,0.042730742706040825,False,21,-0.8950003228310832,brand
895,130,0.5496264421296191,False,5,-0.5271512944014249,brand
916,539,0.7903310477277765,False,3,-0.000275311040360382,brand
865,348,0.2752679826243496,True,27,0.44481357885947936,individual
853,265,0.4038584312436032,True,14,-0.8737198732043538,influencer
124,935,0.41390474721018955,True,27,-0.21795239031977953,influencer
742,90,0.6834055105722919,True,5,0.752730199314195,individual
972,343,0.07647699125620033,False,15,-0.1311144770912085,individual
428,126,0.9977489802454401,False,21,-0.9718274075052848,influencer
240,395,0.35056831436674163,True,16,0.30671551396323227,individual
612,228,0.9162849371118298,True,12,-0.6131883716901043,individual
496,279,0.7117423805460265,False,8,-0.3276787257686915,brand
223,400,0.5429641402034646,False,2,0.6200582175424203,influencer
472,867,0.8893152287176211,True,10,0.425685499123013,individual
909,982,0.18479572883086026,True,10,-0.3346137917231069,brand
691,125,0.09577536950418764,True,5,0.04414290469240223,influencer
972,135,0.6306879845828008,True,15,-0.5309371549809865,brand
458,51,0.7177647378190983,True,28,-0.534517274574579,influencer
254,237,0.1791609865428444,True,18,0.035449376092909324,influencer
994,167,0.5661447057985644,False,28,0.13469878320244577,influencer
554,536,0.5375698371020918,False,14,0.4334042610730775,individual
965,922,0.8812886439280211,False,19,0.34417192804427765,brand
983,613,0.5487648669557518,True,11,-0.462768214452008,influencer
191,516,0.8274125805038529,True,8,0.4362584086983461,individual
298,307,0.5200054427179824,True,25,-0.5975765660913386,individual
95,107,0.8400773797839873,True,16,-0.9370095568776857,brand
154,101,0.6277314239910217,False,27,0.06290441906336364,brand
429,498,0.2726573394793823,False,16,0.04797537600470969,influencer
347,636,0.4251221051088415,True,18,-0.9291628493159125,brand
561,695,0.810419189947872,False,27,-0.32867752643225057,brand
864,718,0.3696096924409533,False,13,-0.28960457332853595,brand
734,823,0.2524059108448611,False,25,0.21755018094735634,influencer
212,838,0.18694072572457443,True,26,-0.5252250505811547,brand
597,201,0.852516354173935,True,17,0.5234371965896971,influencer
319,526,0.020723788900559925,True,21,0.040640649341903146,brand
688,695,0.9718252426259117,True,11,-0.01762092459757625,individual
511,50,0.5987301572803353,False,5,0.3252612202468188,brand
438,552,0.31554694009153084,True,3,0.8237294687777204,individual
384,229,0.9331984519176916,True,11,-0.9972933101215229,individual
915,313,0.24132178186312847,True,19,-0.3097401233809607,influencer
74,181,0.04043148631412541,False,16,0.8042780191484771,influencer
93,298,0.06851588256989305,True,27,-0.08442336508636172,influencer
589,690,0.08183966801518416,False,1,0.3307344357539779,brand
605,937,0.4416268940735353,True,29,0.15044268544390182,influencer
273,416,0.3270828571884876,False,23,0.8307268847428426,influencer
642,855,0.08263745610683249,True,4,-0.08062318664715629,individual
786,791,0.6574858884348989,False,12,-0.8321038871479345,individual
669,584,0.34012246869485796,False,1,-0.4548055772053732,brand
339,279,0.5351685412825784,True,28,-0.6060973835693853,influencer
548,345,0.3261823795220553,False,4,-0.5681957262243766,individual
590,545,0.5341487106330234,True,5,0.5998097743898618,brand
674,388,0.561201297625624,False,15,-0.873218244474504,individual
657,751,0.8917143648815785,False,7,0.6828644505735695,influencer
556,701,0.22031978599331514,False,19,-0.335119876294693,influencer
501,692,0.17953182981225102,False,4,-0.8266091054069624,brand
119,799,0.5340977096060507,False,16,0.9025903808891407,individual
572,968,0.21617095378319895,True,23,0.05042614082613728,influencer
140,502,0.7692514403539389,True,5,0.08573235997805861,brand
289,856,0.3300272288946604,False,9,0.49959549260258207,individual
395,792,0.6059669701166099,True,24,-0.7104312867155249,brand
97,828,0.9583789181172132,True,6,0.7878532889838721,individual
180,707,0.7995656882936591,False,6,-0.8523535910817701,individual
328,811,0.2237014390668456,True,9,0.46870285661305533,individual
674,950,0.7314400420291203,False,24,0.6041079893374453,influencer
908,954,0.4097853104380016,True,6,-0.4424123276965346,individual
817,543,0.2578196773341306,True,4,-0.7391910103566297,individual
953,397,0.9753220874019352,False,24,0.767297900995265,brand
368,541,0.43171459064138473,True,26,-0.23528401620475647,brand
198,378,0.2617524634921963,False,22,0.9596268891094251,individual
69,791,0.4139745634728135,True,9,0.48512557839345627,influencer
803,850,0.9135239288247279,False,7,-0.8951147057909199,influencer
847,417,0.7920825599902063,True,24,0.3904866219085794,individual
590,766,0.7727228002370649,False,28,0.058377774174552144,individual
200,824,0.951295868218937,False,6,0.6762624709808907,influencer
459,208,0.13066966268347857,False,25,-0.5278896459280777,individual
393,982,0.1994066116801898,False,11,0.5073811082800079,individual
604,649,0.5787880091580283,False,21,0.006759587816857371,brand
358,535,0.09324098474057163,True,8,-0.04748873608468318,individual
406,915,0.8350588413756487,True,3,-0.24061400669962363,influencer
162,725,0.5636238885924927,False,26,0.9689676142763217,brand
942,277,0.3917148456170576,True,22,0.6032841907795283,individual
618,857,0.5996955665083482,True,21,0.8903305953779375,individual
311,470,0.0430578142749084,False,2,-0.8154409902676565,individual
973,967,0.4370270724612605,True,22,-0.20867587653173358,individual
588,383,0.0972329578955452,False,8,0.4395120080430839,brand
781,515,0.9126171688992069,False,6,0.8465317682358684,individual
431,485,0.6116636343243702,False,23,0.9762536595147366,individual
646,296,0.7691754500233211,False,20,-0.6437779195276143,brand
213,404,0.8580413014234651,True,13,-0.695442393032218,individual
384,183,0.10651073743509432,False,16,0.05213500516527847,individual
206,567,0.4683001890264763,True,24,-0.24867722025485905,influencer
375,222,0.47510683319487,True,11,0.5912364872986327,influencer
784,438,0.818948467840531,True,28,-0.2396427188945085,individual
552,812,0.3934356620865861,False,28,0.8730120334425431,influencer
573,996,0.3332118135322998,False,15,-0.89405067162341,brand
554,853,0.8493766777975637,False,7,-0.43710375424571435,influencer
461,271,0.21939700548637298,True,16,-0.2221186616180122,brand
361,132,0.4478356651607345,True,25,-0.9765364583201779,individual
373,847,0.5077128163701252,True,9,0.5773098172022977,brand
982,759,0.43726845485121535,False,13,-0.5177300792956163,brand
927,564,0.41684452503487024,False,27,0.5419639937731522,influencer
987,398,0.6067853121543875,True,28,-0.9184067910645726,brand
137,111,0.505280735976057,True,29,0.6159662985366903,influencer
249,943,0.9254257454836398,False,20,-0.0848469238840206,individual
545,730,0.40884266665778646,True,7,0.984696368850343,individual
535,502,0.2519189470329283,False,3,-0.5968078483062884,individual
497,755,0.20715784102599566,True,29,-0.43911342726145186,brand
82,52,0.07398176846456272,False,19,0.8812229985726139,influencer
915,985,0.5924317332684602,True,17,0.7879203299611663,individual
780,384,0.2297851560166786,True,4,-0.6203971581731171,influencer
977,592,0.24396812924667632,True,4,-0.7014235807974403,brand
372,815,0.1065812939627625,False,26,0.23115135114907503,individual
240,601,0.4115428743672701,True,9,0.6560263667543871,brand
684,913,0.40582618518673363,False,13,-0.14005319813625405,brand
90,648,0.4276917531995086,False,19,0.020084076006875895,influencer
303,88,0.8950932295670166,False,8,0.5367481995342189,individual
557,257,0.1304258140361545,True,12,0.19629011664345164,individual
429,566,0.7180158773113117,True,12,0.6026233699809447,influencer
630,633,0.03249446690021185,False,20,0.2088983661617585,influencer
255,985,0.6321394208039147,True,1,0.5125076015058043,influencer
558,837,0.6970456208029557,True,18,0.7603959685370336,brand
480,361,0.394468831345528,False,15,-0.49739139312796965,individual
340,379,0.3596327098804941,True,21,0.7167564914968767,influencer
425,423,0.7917841729255032,False,5,-0.37887962726956914,brand
396,858,0.43917545814476033,False,16,-0.5981489884223539,individual
477,634,0.023411483809548717,True,21,-0.9131047105707313,individual
433,265,0.9644473946361913,False,9,-0.33086333021068914,brand
54,767,0.12506825923506748,True,23,0.14108486220257754,individual
181,342,0.8298086875404562,False,28,0.8475551835962691,brand
468,802,0.886942616204517,True,15,-0.491366907647506,brand
507,300,0.4872823984558743,True,8,0.07992320267211706,individual
324,555,0.18734543152593575,False,15,0.11557395286010919,individual
114,712,0.3614141311381248,True,23,-0.12751601546195723,influencer
134,434,0.5590655594635126,True,26,-0.6862913454930151,individual
870,918,0.8325529534336071,False,9,-0.00037453072447246605,individual
152,204,0.38522462792127465,True,19,-0.35356251335465183,influencer
881,493,0.5427335802664778,True,22,-0.625546050910174,brand
147,539,0.18544731364299805,False,12,0.9503366837570293,influencer
789,569,0.5940267451362092,True,20,0.9833553417662944,brand
145,877,0.8441093583725978,False,17,-0.8354520791108062,brand
642,601,0.7091594517455013,False,15,0.4987859059354063,influencer
283,59,0.24351143919513396,False,26,-0.0882782227760166,brand
152,142,0.6575653110919426,False,15,0.8000429230173951,brand
584,459,0.5757636418644762,False,26,-0.34907452321779564,brand
771,707,0.0049706274572702824,True,7,0.9284597285245018,individual
638,435,0.2692452457895118,True,25,0.42609574578803855,influencer
167,97,0.9031659216037342,True,8,0.4639547181802588,brand
170,173,0.2586054767411273,False,1,0.8412058645462597,brand
247,842,0.4672686654849384,True,9,0.12980879103462395,brand
434,172,0.7991278708557631,False,26,-0.39419989004348044,brand
354,874,0.5659058296911558,True,17,-0.5743265587819917,individual
970,533,0.8997839325573184,True,11,0.7214067410154241,influencer
432,169,0.23044133540624012,True,18,0.09147833569892994,brand
772,120,0.750813418008248,True,9,0.8437626802588256,brand
719,735,0.8140118670662053,True,7,-0.48333162602658364,individual
475,883,0.3941149965938533,True,14,0.3504578078645104,individual
882,218,0.3655618275595116,True,12,0.23083269358447867,brand
907,708,0.26110152797171604,True,27,0.652933797387234,brand
224,281,0.4419158721247669,True,1,-0.6074852143981428,influencer
735,574,0.8611719815664044,False,3,0.050325851511819675,influencer
545,723,0.6256280934915733,False,18,-0.3363969499181074,individual
980,665,0.0008618876120923824,False,8,-0.012370413632871502,influencer
950,257,0.7423009920022029,True,13,0.9485337695832579,individual
303,550,0.032353050996913435,False,11,-0.42303803048429334,brand
762,621,0.02048210566497255,False,4,-0.6854787617010443,individual
334,494,0.22840524579466293,False,24,0.21780960212515743,influencer
280,955,0.44617230784020956,False,3,0.4812307550214281,influencer
396,210,0.7992572177846672,False,14,0.6264330541636316,brand
86,540,0.05771117643541113,True,2,-0.889481494687143,brand
373,396,0.35469764873721843,True,4,0.9740831903000315,influencer
520,767,0.3922457068347762,True,14,-0.26598954306048284,brand
269,908,0.23547934813175486,True,20,0.09496007765308123,brand
311,552,0.11497668423831586,True,7,-0.16744369934781145,individual
640,938,0.07047852027388857,False,6,-0.6979312344121245,brand
272,342,0.8173041929587985,True,4,0.8816607947652075,individual
694,558,0.4050094514550495,False,16,0.6559363990755536,brand
423,811,0.542380508190317,False,15,0.7745780342297417,individual
369,692,0.2225847264790236,False,27,0.1860755008772521,individual
171,781,0.6623979839496563,False,4,0.29628663970972124,brand
781,720,0.6498798667443031,False,14,0.9344148090806998,brand
78,276,0.6363349754404407,False,7,-0.7654450351170496,influencer
668,193,0.6207696453191394,False,25,-0.35078158015451755,brand
875,53,0.6494845443150752,True,15,0.8520951088413735,individual
369,699,0.6938238544268654,True,19,-0.33201689144501123,influencer
750,294,0.07241949567380179,False,26,-0.6519420508868432,individual
407,342,0.7879366295714352,False,3,0.262994958581521,influencer
335,733,0.31459986181045374,True,22,0.8189798463332205,influencer
118,468,0.3910440591298464,True,21,-0.783968049694159,brand
565,645,0.23991348956972947,False,27,-0.48710379867963516,individual
608,926,0.26189646678440004,True,28,-0.03919079236462264,individual
324,163,0.8070993314130194,True,18,-0.24103392964675874,influencer
582,362,0.5473824926860908,True,10,0.015270042506370318,individual
390,409,0.18420411334552333,False,1,-0.03233213026067139,brand
420,850,0.15139294864550812,True,29,-0.11819307458267403,individual
392,482,0.5425498206560979,True,17,0.10806836583811896,individual
76,354,0.5165753448085865,False,16,0.6770408128770067,influencer
601,727,0.7991448615913839,True,25,-0.7821772297365137,individual
84,61,0.1927083239994003,False,23,-0.22180537412363788,influencer
332,676,0.8792517883312903,False,21,0.618958675509611,brand
221,214,0.2823679981408137,False,27,0.2692507235433994,influencer
341,761,0.6092115663153033,True,19,-0.18518481175868584,brand
340,184,0.8323888364884852,False,10,0.79667767154098,brand
712,174,0.4818841415464269,False,3,-0.35040696882225064,influencer
423,487,0.8896343273296556,True,15,-0.3380241559719859,influencer
307,313,0.06882459329821733,True,5,0.5828282220581629,brand
359,439,0.7641691645575376,False,14,0.07594019565772547,brand
338,699,0.47070961505206643,True,8,-0.07121665133795885,influencer
129,617,0.985495688447577,False,15,-0.13997044288411908,individual
962,626,0.5998752103077383,True,10,0.1951259755914312,brand
398,950,0.631428195675853,False,8,-0.20305535140370412,influencer
710,606,0.44926337892356494,False,11,-0.08922364505552705,influencer
153,233,0.660133840478182,False,28,-0.8903973579045381,brand
434,920,0.17994296908337848,True,19,-0.6288756591971669,influencer
763,727,0.33821250216091137,True,3,-0.8340509300594323,individual
100,677,0.6994684145951352,False,6,-0.1756918984412632,brand
680,876,0.004530292227381549,True,5,-0.8378342598047814,individual
439,835,0.17313336179407435,False,15,-0.7832934356133783,influencer
608,831,0.6672229129967249,False,11,0.0485821164382656,influencer
807,824,0.2541390921430253,True,8,0.7965598519803607,influencer
186,239,0.975672259425835,False,7,-0.9822920020544501,influencer
85,555,0.7274443667729434,False,1,-0.15635372886002274,influencer
795,807,0.3326759956689517,False,15,0.9109910248437871,individual
64,143,0.242388513378477,False,2,-0.6826311261818794,brand
849,82,0.7889698842989792,True,17,0.36507498037146213,influencer
500,960,0.9733222074250003,True,9,-0.9237766140357242,individual
246,574,0.6278853344333678,True,21,0.898585570493672,influencer
118,819,0.36629054982471143,False,22,0.8186655259810791,influencer
809,989,0.24309859272976442,False,13,-0.7256127555901759,influencer
863,102,0.43502532626051893,True,12,-0.6810601394145737,influencer
493,701,0.7986645031684085,False,1,0.04693635569653232,individual
913,635,0.2883347637509712,False,6,-0.9071298365421276,individual
904,660,0.5835757068684926,True,6,0.3814052630504916,individual
635,951,0.6982335598543207,True,25,0.45184851013215566,brand
728,252,0.8507747914286315,True,19,-0.6812252783688415,individual
212,106,0.48549108191724855,False,20,0.7193640655269331,brand
638,554,0.9317033715807201,True,1,0.8790882270597327,brand
542,867,0.6954708864222394,True,6,0.8295618054790175,individual
695,304,0.8929393160780716,False,17,-0.011804972756762622,brand
343,214,0.2861407591886319,False,4,0.7020697152157693,individual
463,824,0.5149115074930065,True,28,-0.4158907978322557,individual
879,426,0.9542374893850536,True,10,-0.43139538089551754,individual
920,245,0.9878984911499884,False,22,-0.3031014419060647,brand
310,498,0.5430085501035554,True,10,0.5915132443415849,influencer
129,241,0.9631900284166767,False,2,0.3570420111696282,brand
329,534,0.31166772913448315,True,28,-0.993759737169621,influencer
813,634,0.22470665468105033,True,12,-0.9300248415828964,individual
299,186,0.0748128745295169,False,22,-0.7701567612970979,influencer
67,216,0.41059014848543485,True,28,-0.5040009836917845,brand
900,800,0.2886652919727717,False,19,-0.7471647809609481,brand
624,504,0.3647929541960475,False,15,0.6044326631759798,brand
982,693,0.8850089104811524,True,10,0.8270877643597874,individual
681,345,0.5907111086468004,False,25,0.9849903521703178,influencer
863,896,0.8722337011152281,False,9,0.1533651846511208,individual
880,972,0.4872291106106197,False,15,-0.7508297227918905,brand
157,942,0.5167875217743879,False,3,0.9694468806424266,individual
995,301,0.21334600798724068,False,15,0.11274423817615786,influencer
87,182,0.7132615003725645,False,24,-0.20733306079689462,influencer
614,751,0.35537650474547966,True,21,-0.21003342033714767,brand
284,84,0.6196886839422557,False,11,0.1401048399996283,influencer
62,725,0.23496506057219835,False,24,0.614850827322504,influencer
285,175,0.645069413539016,True,12,-0.8127987619177044,brand
633,93,0.1635918843129227,True,5,0.5811700304070022,individual
707,434,0.3897181792441562,False,7,-0.8794730925226726,brand
592,782,0.3824764171779631,True,17,0.3234408342443227,influencer
256,966,0.22925410189002782,False,23,0.668141560408062,influencer
279,298,0.08511794042971865,False,21,0.4034884843589053,brand
604,472,0.8429177536068533,True,22,0.9010299686764245,brand
625,656,0.7245968605162311,True,21,-0.7142130879101909,influencer
638,318,0.9061028419932354,True,10,0.8862291616714675,influencer
78,122,0.6670607715762565,True,7,0.297500224485145,individual
724,186,0.0016815172397471878,True,18,-0.4448189293540208,brand
533,135,0.6370745778003198,True,20,-0.6957551254846528,brand
987,163,0.3223034832999352,False,17,0.09162884392324644,individual
571,197,0.8959800061384684,False,18,-0.49894497823247597,influencer
788,344,0.06642890095368903,True,17,-0.924795006160188,brand
700,972,0.8657605205060118,False,12,0.32418650015953787,influencer
184,120,0.6211680961697138,False,2,0.9958017466342681,brand
797,543,0.10144999070021443,True,6,0.7592397451621702,individual
504,947,0.478556069196571,False,8,0.37468929048867716,individual
81,737,0.5246832801938928,False,16,0.950007753228755,influencer
517,459,0.7543250674750748,True,13,-0.8230773092648491,influencer
552,914,0.6019712420474611,False,10,0.45944071465388614,influencer
909,662,0.758089910335206,False,4,-0.14445974836628772,brand
549,422,0.1692263370117859,True,23,0.3310189140487956,brand
53,350,0.3156801787842113,False,27,-0.11428264106339348,influencer
494,181,0.3425042031031057,False,7,0.4011716707828632,individual
138,663,0.6808647829026878,False,5,-0.15874191362620782,individual
683,396,0.5469941648273831,True,26,-0.41694819108117476,brand
92,575,0.08784355109322073,True,29,0.011292022121036416,influencer
306,357,0.8169138919242213,True,9,-0.2749677966571362,influencer
76,289,0.7722458952740618,True,27,0.6340876188688336,individual
779,591,0.971318689944167,False,20,-0.31974618970814817,individual
496,50,0.6410564301189997,False,3,-0.1564676384580812,individual
421,955,0.24404293382830655,False,15,0.04353427109897279,individual
374,705,0.7574706886558197,True,9,-0.2806890196357492,individual
273,400,0.08802190069189042,False,5,0.3940245756540839,brand
283,954,0.09737540559438818,True,4,-0.5223311568985085,influencer
538,168,0.49115858461403294,True,27,0.691072744196596,influencer
386,103,0.5284973473728374,False,7,-0.7629549575339445,brand
304,175,0.4159855039486898,True,26,-0.21664253758186724,influencer
680,869,0.4227997512207914,True,12,0.5685679122285328,individual
482,343,0.38833496350108965,False,22,0.8291868759883942,influencer
455,919,0.22583286113400702,False,4,0.5645689867556161,brand
973,150,0.9119131710468478,False,15,0.2618889600266272,influencer
525,436,0.8635568675971477,True,9,-0.9378645795469729,individual
614,215,0.5302664948531108,False,28,-0.9884428505904315,influencer
663,390,0.837463092300065,True,10,0.8162335699875929,influencer
688,626,0.4924120378145823,False,28,0.977997998294202,brand
558,652,0.9137925992676884,True,21,0.6403061460262165,individual
323,603,0.35030608331249913,False,24,-0.5933343340000445,brand
852,197,0.8153763646513092,False,11,-0.16508818092520294,brand
839,319,0.9771877218409333,True,19,0.8389852365057013,individual
881,81,0.3164864982441874,True,18,0.36354448973140463,brand
557,350,0.3766560466835962,False,22,-0.31487917986829794,brand
927,278,0.73719744397895,True,11,0.4849369972374218,influencer
532,117,0.9368986361242602,True,14,-0.37863637831444663,influencer
759,411,0.7137719325181058,True,14,-0.07734418768017437,influencer
981,675,0.9191500295292326,False,25,-0.4240118165322082,individual
425,719,0.7425655456579802,True,8,0.2236067548933447,influencer
791,614,0.7711357698677652,False,1,0.8830346543814314,individual
479,907,0.9621727744728157,True,11,-0.3862803203950915,influencer
491,588,0.6906942685244118,False,24,0.6059845587269546,influencer
264,85,0.38189033598918587,True,18,-0.3520787611080005,individual
700,81,0.33326139785778963,False,14,0.7782412042319051,brand
464,446,0.6509781146998144,False,29,-0.3046295128814558,brand
176,340,0.6547206250692276,False,1,0.13461890502620677,influencer
721,930,0.5925048676562606,False,12,-0.8037231768971398,brand
662,944,0.013602618425894941,False,2,0.954980523036659,brand
426,117,0.05816172576421741,True,26,0.265592229319886,influencer
346,666,0.042737202976886435,True,12,-0.22213578460551142,brand
957,580,0.27181482570593163,True,21,-0.9197500004637198,influencer
142,908,0.36003848988512,True,28,-0.6737651189905312,influencer
948,219,0.597946349427831,False,11,-0.7235422726297387,individual
65,858,0.6499871033402844,True,10,-0.28259593474349254,individual
89,984,0.6564366101551228,True,24,0.6235826123386892,influencer
182,305,0.2236035590297586,True,20,-0.1860816760253723,influencer
606,864,0.8676228936599888,True,22,-0.6557799143059031,individual
594,661,0.47093161436492836,False,17,0.31700107423166624,brand
425,606,0.6655801177161875,False,1,-0.8433581646080968,brand
250,129,0.6504631071232325,True,6,-0.7237789885830561,brand
471,66,0.6542572327735172,True,8,0.9775233484841082,brand
365,592,0.8981039639231325,False,26,-0.854092166836881,influencer
696,752,0.16711222316514984,False,4,-0.8531270264720285,individual
103,944,0.8803418873786408,False,23,-0.35122925928272775,individual
700,837,0.3132227136868295,False,26,-0.27562132243645765,brand
843,555,0.8845744742285943,False,25,-0.8394926913232494,individual
255,176,0.43943417087829384,False,14,0.5351701438681933,brand
675,406,0.39266458261097503,False,9,-0.06787499943063136,influencer
442,165,0.921680601146555,True,12,-0.4853308907969225,individual
790,386,0.04881693185559277,False,20,-0.5644761079488785,individual
588,202,0.03275738399111705,True,23,-0.362098389542705,influencer
557,597,0.18085308740593853,False,11,-0.23919949902190307,brand
936,821,0.28626242903359256,False,23,-0.7168585613430505,influencer
594,344,0.8071384306052436,False,5,-0.2938559150781186,individual
338,133,0.26549453524937483,True,8,-0.26281220000801975,individual
720,691,0.10942562835382075,False,7,0.024068856956346085,brand
762,174,0.13987804447958951,False,28,0.6649977306277823,influencer
601,931,0.5195111723490708,True,25,0.022422118429367144,individual
316,507,0.6077786607995878,False,13,0.6947311275368901,individual
115,769,0.7669967935805341,True,3,-0.7419573413171969,individual
476,598,0.5162910546523733,True,7,0.44477974265992093,individual
811,651,0.08197772072524845,False,20,0.49165496000378606,influencer
973,386,0.2725922920256385,True,1,-0.2675080459971759,influencer
577,94,0.13589126130156792,False,21,-0.915604410719538,brand
402,965,0.3501501039157118,False,3,0.529533907804979,influencer
822,776,0.6771753834859838,True,3,0.03308902840242034,influencer
949,681,0.6809066026307103,True,7,0.5663420345509105,brand
806,98,0.25653558442103885,False,27,-0.1457904263158598,brand
787,867,0.823747460284288,True,18,-0.09467933274930407,brand
316,63,0.5256000802341629,False,25,0.2852299588389804,influencer
92,149,0.4289221901578383,True,10,-0.4122061309818561,influencer
228,999,0.4448980522098064,False,27,-0.35275365470024966,individual
479,150,0.464863394682979,True,21,0.8533193467512956,brand
715,345,0.709447245376265,True,18,-0.27297383581098833,influencer
454,87,0.9839354055601816,False,20,0.8361542576227932,individual
484,854,0.5468251377225772,True,13,0.29662840730049145,individual
530,912,0.855353951279669,False,13,0.9668787177846845,individual
243,244,0.670082137748829,False,13,-0.749322786515765,influencer
285,665,0.5922002557777315,True,20,-0.733687371293759,individual
510,415,0.457487198247701,True,28,-0.4699391680976961,influencer
789,835,0.8601566790818937,True,15,0.13462441838547012,influencer
143,236,0.9468001591368221,True,5,-0.3354828969127779,influencer
882,593,0.42860339123437097,True,2,0.19757390500757022,brand
827,443,0.6729634625014049,False,13,0.7658872944577957,brand
469,262,0.47708841086267384,True,27,-0.47044918690362847,individual
401,353,0.9146100562101362,False,18,0.9252617464190018,brand
586,481,0.30206119492649364,True,17,0.6596482923714735,brand
220,112,0.19436384170128385,True,28,-0.19401273467736702,brand
579,134,0.4932549201140848,False,20,0.020719418321577088,individual
755,897,0.40647732256403957,False,17,-0.6512660969446751,individual
296,595,0.39725838931963997,True,20,-0.34687864132942425,individual
978,791,0.6048030168615952,False,4,0.987354511325397,individual
759,944,0.04517397820581115,True,27,-0.4313179037915029,influencer
651,65,0.36579676153659635,True,6,-0.9879739217937411,brand
642,601,0.06421520771648304,True,20,-0.7053561517922853,brand
815,568,0.05847604401528805,True,5,0.7720732159432881,brand
810,392,0.11079120745918392,True,14,0.8775541343339852,individual
429,758,0.0868671259697753,True,2,0.34619706094148817,influencer
968,809,0.3134650388625819,True,13,-0.7023894275194049,individual
404,535,0.17692845406446156,False,14,-0.7287664654722898,individual
923,619,0.003389730467422636,True,9,-0.8444309926081044,influencer
782,86,0.6390988703211945,True,12,-0.7722084401047291,brand
564,650,0.1651621468183131,False,19,-0.8797894495172063,individual
614,638,0.7464190478006253,True,13,0.5954602991034537,brand
198,461,0.49210411315690605,False,29,0.6199287554323232,individual
366,358,0.7707014137355034,True,11,0.12079050939313896,influencer
582,642,0.9065769114255874,True,20,-0.1066081416146396,individual
147,481,0.8734150706109519,True,11,0.43848828186765454,brand
150,343,0.2405443144901278,True,4,-0.5743518068984188,brand
617,220,0.811044405257725,False,5,-0.10026449930356995,individual
98,605,0.10053960691843389,False,14,0.2017406006024569,influencer
917,505,0.7563557725331248,True,24,-0.1742853316013977,brand
311,385,0.1992396361857608,False,1,-0.3593870921657494,individual
368,522,0.2916922663793331,True,2,-0.17565995660746458,influencer
923,878,0.08264279797260865,True,29,0.7080323729513538,influencer
971,815,0.12723162865820192,True,16,0.8071925705702476,influencer
687,151,0.407280466599685,False,9,-0.23194012661530072,brand
407,181,0.7091914248284421,False,14,0.8166651683569632,brand
873,449,0.4616484262937002,True,3,-0.3390069277403571,influencer
750,436,0.7728622701661063,False,25,0.8105962874468706,influencer
305,610,0.44462789640970646,True,3,-0.9651022571486245,individual
794,225,0.9823847572362853,False,7,-0.30447619849264584,influencer
287,610,0.7905757755892874,True,13,-0.2455607324629534,brand
54,500,0.7740296767398754,False,2,-0.4856739982108278,individual
508,417,0.991457898942347,True,24,-0.6917774370494951,individual
338,166,0.6103044036820385,True,18,0.05482037880300372,brand
509,483,0.07385506433101263,True,9,-0.4890463302148471,brand
515,225,0.8276227604985543,True,14,-0.6864167215399792,individual
284,263,0.7536573121078324,True,3,-0.5227301005844771,individual
506,700,0.024082167396602072,True,28,0.1633253242528372,influencer
941,449,0.7881668621330167,False,2,-0.6554686901312714,influencer
204,554,0.22109174957686317,True,3,-0.2119702433414783,influencer
494,326,0.2455657870046466,False,22,0.45634117289343434,influencer
328,75,0.35390465836215423,True,1,0.12117724654749407,brand
448,885,0.30931036642661214,False,29,0.8381634589505427,brand
708,172,0.6979236168841729,True,1,-0.7601620111840786,brand
251,591,0.2539717142019946,False,27,0.4808489894939898,individual
676,937,0.7991043252550095,True,13,0.9515190322302176,influencer
287,781,0.09339225994510014,True,8,0.21690858817372538,influencer
450,421,0.09652790130240929,False,13,-0.020345469977949948,brand
740,357,0.41019722387393154,False,10,0.9686719109245185,brand
760,541,0.4379730155070185,False,20,0.06430822886922782,individual
928,266,0.2847455274570134,True,20,0.7644970555928008,influencer
364,997,0.011343355248997322,True,23,0.8856334578938849,influencer
411,56,0.3901967443394905,True,22,0.8480697255622422,individual
249,367,0.7852498148394573,True,19,0.5306433664967558,influencer
393,984,0.5370523732772834,False,9,0.46904576317096014,individual
450,281,0.8176263361253215,False,28,-0.5054316505794365,brand
490,351,0.5600259707952683,True,11,0.2643036446774394,individual
885,695,0.7428377608406627,True,1,-0.18785206487391415,brand
342,295,0.9445604921914215,True,2,-0.7959735309125426,influencer
727,456,0.8840284355670793,True,8,-0.6966310099515343,brand
804,909,0.05559588078744837,False,11,-0.38333110918871394,brand
751,970,0.5291681007459959,False,11,0.44740110306315795,influencer
388,603,0.31678286391485067,True,13,0.7755138258060414,influencer
604,458,0.48177623535668124,True,4,0.3926788081641597,brand
494,100,0.14038432522822353,False,2,-0.6165368539246914,influencer
757,971,0.3598504478683643,False,4,0.7949991877269795,individual
527,270,0.996454613612974,True,8,0.971163142809951,individual
603,208,0.7126373928151242,True,7,-0.9789428057322751,individual
369,838,0.07059655144314825,True,19,0.5471280686213993,influencer
796,945,0.3075831959811126,True,13,-0.15677879476891987,influencer
611,710,0.5951347820416236,True,6,-0.17985547982583294,influencer
426,479,0.2302940178473052,True,25,0.937315192353168,individual
620,384,0.7377135097325536,True,23,-0.024054399226236534,brand
484,586,0.7890292491289055,False,7,-0.16587877146753782,individual
606,364,0.050399796634958305,True,5,-0.6736087021195494,brand
610,699,0.6789453339604032,True,15,-0.5109821899478526,influencer
370,938,0.25922940230606517,False,4,0.7073551321537672,influencer
236,543,0.4206987820464647,True,1,-0.7724673324725366,influencer
437,246,0.4386894177626812,False,15,-0.9946260540052971,individual
300,279,0.022626671821236122,True,17,0.8279330263802198,individual
696,820,0.6306631965066858,False,7,0.7160641417714879,brand
535,698,0.28752896183180643,False,27,0.2782889628595291,individual
778,115,0.7031736453298393,True,27,-0.3122611322298252,influencer
402,856,0.9783271618916558,True,4,-0.09801828138139723,influencer
607,462,0.6245448204905867,False,24,0.6612832901943568,individual
611,674,0.27641050128408695,True,13,-0.8819926962039004,individual
109,601,0.21491031918058467,True,12,0.7319746847975834,influencer
245,446,0.5802328802942941,False,19,0.8804344819073271,influencer
449,276,0.5581308020743337,False,13,-0.3984011810868393,individual
854,174,0.7412973810050365,True,14,0.9870047809374107,individual
113,346,0.14596197001165478,True,4,-0.6120125002160477,brand
416,911,0.7736637297372305,True,10,-0.16938436147498304,influencer
955,918,0.4781677473146384,True,25,0.1856575092379813,influencer
380,999,0.2956347181049004,True,25,-0.2319959180655582,influencer
665,94,0.2530261217417472,True,25,-0.1841496215348164,brand
281,625,0.38478322554936517,False,13,0.6878117876863026,influencer
168,877,0.8103201730144881,False,6,0.7117520261058057,influencer
74,262,0.07370981264194532,True,11,0.3288305685569999,influencer
587,193,0.2970135775115651,True,29,0.19871596661604385,individual
148,498,0.15980282395110545,True,18,0.10737431348694737,brand
268,558,0.853333139541863,True,6,-0.6681209517296558,brand
294,608,0.5603617472374909,True,23,-0.9731261154303783,influencer
859,108,0.058319975659337664,True,11,0.6681374423661903,influencer
276,509,0.8619804140831319,False,20,-0.8549898998240506,brand
850,634,0.30578844538345495,False,14,0.6075473490704568,brand
231,835,0.14256497592496753,True,8,-0.9053456542272451,influencer
876,392,0.10424147522283456,False,2,0.21706382090456122,brand
870,954,0.554862923870571,False,4,-0.9756677687638371,brand
702,91,0.4339431267415541,True,27,-0.0934486619248669,brand
134,174,0.300031079978228,False,24,0.8724668576262575,influencer
51,103,0.6709991461473052,False,6,0.025293531260655033,individual
273,610,0.3139917722757888,True,2,-0.47690067194749153,brand
619,905,0.24895353697412392,True,15,0.2478043398855121,brand
455,611,0.10549961988038703,True,16,-0.6906387830881273,brand
245,89,0.41506935208514417,False,17,-0.8274524917912105,individual
654,865,0.6900153350336313,True,12,-0.1485211573216556,brand
749,491,0.2075099423762241,True,12,0.10511376161274377,individual
924,170,0.325130417824103,False,11,-0.8057359914049804,brand
106,269,0.4840780316720481,True,19,-0.9206958862745329,influencer
699,668,0.6966594825917473,True,4,-0.7701788698403467,brand
309,814,0.5888087948192676,True,9,0.9957259551216096,individual
952,701,0.91479219175035,True,18,0.5223162416786982,individual
681,847,0.6434269609218216,True,12,-0.042142155512581825,brand
810,363,0.34489941162004134,False,17,0.10882117425251758,influencer
692,190,0.002015038024151483,False,8,-0.11141919677829848,influencer
963,255,0.44576296412727334,True,10,0.9535544612737927,brand
79,550,0.7983883518015462,True,22,0.8905873940954911,influencer
249,982,0.497348777970679,True,5,0.3720692074453149,influencer
86,679,0.22633995505191473,False,2,-0.36581529872820107,individual
400,899,0.5953460292116466,True,9,-0.16221863764359012,individual
168,676,0.26212540999087164,False,7,-0.04251804077648713,brand
241,586,0.5228497885093205,True,19,-0.9827618877606157,influencer
599,499,0.83882125928545,False,29,0.31812630455347946,individual
736,400,0.6408106030608536,False,7,-0.21390522649009247,brand
412,581,0.2826703587169853,True,22,-0.15829236631081067,individual
358,877,0.6666933721349871,True,24,0.9399615191660886,individual
780,652,0.3954271906589003,True,10,-0.321607275947694,individual
88,654,0.3602715369670242,False,27,-0.8866461239368408,brand
774,131,0.8583378934950529,True,16,0.33852669102128874,influencer
492,922,0.9191636533260898,False,9,0.16048494098238875,influencer
880,902,0.6699895781602531,False,3,-0.10531221632968402,influencer
355,266,0.45048367334562245,True,21,-0.4858457265743237,influencer
937,186,0.5434911618209096,False,26,-0.08303612072038291,individual
440,698,0.29545228463813233,True,28,0.951584384399095,brand
340,521,0.22791719343685768,False,1,-0.8321991119132337,individual
226,722,0.18963552892847924,True,13,-0.19146054159437975,brand
763,934,0.9367990851413901,True,16,0.9711042058564361,influencer
509,147,0.21594738474086161,True,14,0.6005930776885071,brand
935,519,0.20507418008546252,True,25,-0.8371530585489289,brand
816,88,0.8065416289737837,False,13,0.28426787878609194,brand
160,457,0.41875292190908864,False,18,-0.2717864987074323,brand
179,477,0.3919872473396343,False,2,-0.5420524541622205,individual
317,601,0.1591300659635767,False,13,-0.4308849032074824,individual
531,73,0.4931930849362909,True,21,0.9371704105850946,brand
120,528,0.654089625759959,True,8,-0.3536389573697065,individual
430,745,0.925432717516681,True,22,0.8706517911665992,individual
214,776,0.8972133185282142,True,16,0.727523977175943,influencer
185,816,0.010368719029741902,False,15,-0.3904796677046951,influencer
385,490,0.5187713060871664,True,18,0.9642317254813606,individual
935,670,0.010861558924791792,False,13,0.10757065226352802,brand
118,617,0.6249151679845804,True,27,0.38312585110390196,individual
852,532,0.5017212382720458,False,20,0.2547543655259952,brand
209,518,0.19389287635103225,False,15,0.09253727893711083,individual
232,698,0.4655800144480535,True,26,0.1660965040295208,influencer
660,288,0.10879329445462471,True,17,0.3160579351993391,brand
437,147,0.959705006959639,False,21,0.238884422660689,brand
686,905,0.07621932875082615,True,13,-0.3809310234488672,brand
108,965,0.8820459699430728,False,21,0.9740563025676214,brand
576,279,0.41696006453663814,False,1,-0.26051301542535765,brand
185,830,0.7600568473703251,True,29,-0.26420844535750376,brand
421,816,0.7125507450546398,True,22,-0.4880997003794254,brand
85,926,0.41241200764320174,False,4,-0.9022247543250919,brand
113,511,0.6020288670792295,True,25,0.302308568140347,influencer
646,492,0.8605794365863965,True,22,-0.027836044178343622,individual
577,955,0.11109372047664934,False,15,0.16258214667763404,influencer
760,954,0.5981220216683684,True,28,0.5473478523712405,influencer
921,934,0.9340195450252571,True,27,-0.7678827111657125,individual
997,510,0.7232471356477037,False,22,-0.6145661117381922,individual
594,496,0.8802567003236254,False,1,0.03205126101064626,individual
847,307,0.5671950969892033,True,11,0.03630073488873853,influencer
219,530,0.8495437429314782,False,2,-0.6405416584090422,brand
943,969,0.07755693368242966,False,9,0.50957901676173,individual
266,623,0.21197000831745494,False,4,-0.9687588493700476,individual
313,575,0.13987607692987514,True,25,0.8208875529775015,brand
590,999,0.046014289437729006,False,17,-0.015672317483222953,individual
517,814,0.6801495324936849,False,21,0.5522865168374615,brand
594,399,0.4855854402953187,False,1,0.4071388152180042,brand
382,841,0.460979737966113,True,25,0.41317287051213114,individual
414,582,0.3347328267009748,False,8,0.39138558006414925,brand
278,735,0.2554222251055265,False,24,0.6314917836551068,individual
455,322,0.5864260345973861,True,1,0.7468816923288217,brand
532,993,0.010806676267340665,True,24,-0.7407399532210319,individual
732,163,0.27350124997110525,True,3,-0.13267558370425436,brand
507,160,0.2341519685501844,False,23,-0.09612349227618222,influencer
271,497,0.3111433048766773,True,10,0.6870175759295165,brand
650,367,0.8840599875123286,False,5,-0.738941649537864,influencer
771,198,0.6095077502454789,False,25,0.9943353462377524,individual
182,297,0.7202005510068077,True,16,0.9944194480870256,influencer
971,125,0.47947525578847927,False,15,0.7726526254850847,brand
503,521,0.26194241365683624,False,11,0.044425657213020386,influencer
657,743,0.6201688768751673,False,13,-0.8070092796240831,influencer
550,119,0.6463003495838949,True,14,-0.07911346524403173,influencer
367,548,0.7049857017093017,False,7,0.9372314282392962,brand
464,304,0.10299958728181335,False,23,-0.317685299919644,individual
714,807,0.8953019797361917,False,18,-0.22023116712370983,influencer
775,794,0.03482644054025752,True,26,-0.35662165516204536,individual
624,211,0.6782466855303958,True,10,-0.17023746943236473,brand
415,425,0.0909542177007987,False,13,-0.22033813316081052,influencer
756,754,0.27979760605084025,False,3,-0.8477777534020126,brand
276,847,0.7988106063350319,True,7,-0.6531546626275697,individual
578,500,0.7695602260510995,True,27,0.7967583286162851,individual
361,848,0.17831369392111163,False,1,0.6192581023836252,brand
653,667,0.7168165169212938,True,4,-0.6261340925125103,brand
870,461,0.8753931092261807,False,1,0.8524218681297597,influencer
342,576,0.6108541134272834,True,6,-0.7030410390510387,brand
613,841,0.5705259224555197,False,28,0.42822848445101,influencer
813,775,0.6650520395757263,True,1,-0.23958224163444286,influencer
981,918,0.594763458325959,True,2,0.20802959829974377,individual
92,468,0.2418655602742643,True,3,0.9558679850896126,individual
189,199,0.9705366560431568,True,15,-0.026820859053328983,influencer
845,397,0.33939098861733563,True,5,-0.6395230436054617,influencer
642,216,0.5052217622074043,False,3,-0.44339170125096894,influencer
450,62,0.8968108975531829,True,28,0.25957599673469733,influencer
365,658,0.45700390554836723,False,22,0.8315579764901271,individual
605,615,0.6188860491532557,False,9,0.10229120986929385,individual
573,278,0.538289854486903,False,7,0.4297545706108994,individual
646,734,0.578562719648558,True,23,-0.24143880620852642,individual
902,346,0.5964900693538241,True,11,0.03395056733338864,brand
513,961,0.048340540594056125,True,27,-0.6586866334719563,brand
807,333,0.418231483771655,True,28,-0.8350852563889735,brand
827,928,0.17192647624956037,True,13,-0.9467564307321001,influencer
554,382,0.5050003939675337,False,12,-0.09391147374465514,influencer
271,184,0.18132244296914202,True,18,-0.5473987081852019,influencer
406,262,0.33980504894828867,False,28,0.7312404706350804,brand
165,239,0.24233357907052255,True,19,0.4230372464455556,influencer
739,703,0.33841958327816524,False,26,0.2019467609014054,brand
150,905,0.279395575690247,False,24,0.2588472830899411,brand
472,643,0.16772712840997062,True,2,0.3754560283096844,brand
717,970,0.8785740471060799,True,26,0.7278940285689279,individual
352,908,0.8230425990940354,True,8,-0.225479253103676,individual
380,627,0.9328884970026768,True,11,0.40113967009714346,individual
108,440,0.5150761119240735,False,11,0.7814411842504969,influencer
985,409,0.12311759977121406,False,23,-0.8053995576021873,influencer
358,684,0.7934495296685354,True,2,-0.7004635736679485,influencer
599,128,0.17803450931689768,False,9,0.9168804306336771,influencer
577,122,0.70743760880048,False,13,0.8060053251126671,influencer
726,449,0.5279798503125575,False,27,-0.6119423690765395,individual
205,972,0.46756319794210366,True,5,-0.5818931805311451,brand
201,431,0.19637683526838834,False,19,0.39970829817016096,individual
387,919,0.8831387132597529,True,19,-0.6955790235935813,individual
418,497,0.7162069065096263,True,26,-0.9609509979921889,individual
919,846,0.9274473895121549,False,27,0.1552077441368127,influencer
816,696,0.7777754335958099,False,18,-0.9240443964576057,brand
811,973,0.29818583173262214,True,28,0.9641504632093894,individual
881,727,0.6223123408890016,True,26,0.21109217168862893,individual
166,876,0.878698281502793,False,25,-0.03537915364301636,individual
262,718,0.9314319175701683,True,22,-0.5231035345793043,brand
610,695,0.5511620784557135,True,13,-0.11864776960977674,influencer
656,157,0.9978472611923015,False,14,-0.6695647581020356,individual
613,983,0.5907339520035784,False,2,-0.8915169838947239,influencer
470,77,0.5666245333335502,True,8,-0.511739602100356,brand
385,721,0.8646988493045377,False,5,-0.8404694376304391,brand
811,256,0.14296753279575125,True,17,-0.770406337708186,individual
295,239,0.9786092431654309,False,3,-0.4284975948044982,brand
593,804,0.3524492521841409,True,14,-0.31609813939932296,influencer
281,766,0.4923665900771389,False,22,-0.8287814588610327,influencer
978,482,0.9599558081177688,True,29,0.20987327516828014,brand
252,511,0.8567352494173086,True,11,-0.3190966329052398,brand
489,329,0.9277063927838521,True,21,0.41341711784735535,influencer
406,366,0.17866508047907048,False,6,0.5418871152280462,brand
829,297,0.03574965686101095,False,26,-0.04216699859090256,influencer
133,501,0.29916609857477594,True,17,-0.22843340419520297,individual
61,725,0.8932320672298126,False,7,0.07475515124927945,individual
80,859,0.6205175459083897,False,5,0.2627184222806962,individual
637,658,0.3501413209198152,True,23,-0.29254408599249127,individual
392,206,0.6936453028601606,False,22,-0.3122233992785799,individual
827,477,0.290195987368396,False,28,0.32236569560517236,individual
161,341,0.6664021618209949,False,21,-0.5249309742849606,brand
348,907,0.04716777937751515,False,25,0.9690880154141805,brand
797,259,0.4197351493526671,True,27,-0.8552429811173083,brand
255,765,0.0800359549259787,False,12,-0.18415952627378274,influencer
656,812,0.9232821207654712,False,19,0.3121145167355328,individual
648,933,0.5074696458725285,False,2,0.2789752641614296,brand
532,829,0.8903890918690471,True,7,0.5066062210612499,individual
200,111,0.7501354396979806,False,21,-0.768279547778679,brand
249,715,0.5204863986110199,True,6,0.6653913791759394,brand
798,428,0.2046423704931667,False,10,-0.36308825630349295,influencer
473,372,0.6981938641885677,True,5,-0.6007904428909989,individual
253,103,0.19999733879445847,True,15,-0.04875935364583839,influencer
73,910,0.9602913238506279,True,18,-0.40620189866,influencer
313,941,0.42224938872854545,False,18,-0.8115229642964721,influencer
522,935,0.7510771753005666,True,16,-0.44796736139972504,brand
681,426,0.04735040514375144,True,11,0.8191086294902847,individual
582,336,0.0882844239099293,False,6,-0.8975101854227592,brand
709,188,0.6274383791354571,False,22,-0.48647936936028446,brand
400,75,0.4678950984361038,False,13,0.23593379783569568,influencer
537,320,0.4084679187571305,True,14,-0.8753896740563867,influencer
980,902,0.1725503608179656,True,26,0.010464746226071853,influencer
532,147,0.5426030097901692,True,16,-0.5395409276350003,brand
139,469,0.9706775286180577,True,28,0.39381358814802714,brand
483,616,0.002894528005130126,True,18,0.37622655931716453,influencer
825,748,0.14906155401395893,True,8,0.7548425224055679,influencer
367,214,0.6021726825441585,True,14,0.4699885577194334,individual
433,995,0.30377765713247673,True,10,-0.22778138698304073,influencer
328,216,0.9307831564179011,True,22,0.5539193961634503,influencer
377,597,0.4667710866526449,False,16,0.7075547643911666,individual
426,539,0.27437275214919676,False,11,-0.4510528764382322,individual
612,540,0.9927851818974319,False,15,0.7002472834083517,brand
725,957,0.7309404410870093,False,17,0.17287784482724122,brand
764,968,0.9774701573206672,True,21,0.6949494659569637,individual
836,281,0.26923346743364784,True,9,-0.3247413136953434,brand
662,158,0.3001031515841639,False,7,-0.7271334969578533,brand
982,800,0.7429506832480525,False,6,0.09969313357698106,individual
308,799,0.8400324197100842,True,17,0.146827071214916,individual
663,798,0.828039876809811,False,28,-0.43483258530741975,brand
65,463,0.2891481097967421,True,29,0.30613364141680166,influencer
520,262,0.9724875768194811,True,6,-0.6175289430171296,individual
51,595,0.5949022180246871,False,3,0.7366585614601622,influencer
551,139,0.972025674104805,True,13,0.02913076805303949,individual
232,908,0.8919944014085917,True,2,0.9284774245636234,influencer
789,657,0.9365706477908018,True,6,0.335739580232866,individual
618,575,0.5306135829928702,True,4,0.41728849190560124,individual
814,154,0.8920349012256252,False,6,0.6016265080621641,influencer
533,454,0.06199118591822261,False,11,0.29845412238882196,brand
613,797,0.9871381741671641,True,14,-0.9002455980629853,influencer
508,125,0.409302473264208,True,11,-0.9564818387492087,influencer
472,788,0.1138403166027212,False,3,-0.1427918809465749,brand
318,906,0.3613420238854167,False,24,0.2158738983041517,individual
482,366,0.8411231551222591,True,9,0.24536262224237526,brand
875,481,0.8432042123472797,False,6,-0.947022585682396,brand
640,593,0.6300289014084278,False,14,-0.3645868384478035,individual
434,287,0.4897150220452179,True,6,0.5756077113992784,influencer
407,523,0.8792469173290626,True,24,0.6467790784603304,individual
538,486,0.1662233524106358,False,7,0.9425612768514835,influencer
88,347,0.9374590025249693,True,26,-0.4917145919060395,brand
839,232,0.7878409553682839,False,17,0.7386047037618244,individual
488,118,0.4346418754395489,True,6,-0.2569370428072839,brand
75,736,0.06359790094265694,False,6,0.6326938890263778,brand
996,138,0.6538655615651858,False,22,-0.1001794417489561,influencer
734,186,0.8214439337373304,False,5,-0.16591364536309983,influencer
315,573,0.65908718702884,True,15,-0.22743835535494217,individual
68,413,0.35984137483561207,True,1,0.29698948055619834,brand
839,536,0.42508326637557015,True,29,-0.9252513884319093,individual
992,954,0.19990894560642392,True,17,0.9937205887685565,brand
461,495,0.40655020351081017,True,16,-0.011570658100033437,individual
462,649,0.946490815724121,True,2,-0.7937320231197724,brand
554,951,0.0788346676869559,True,5,-0.8283285119345343,individual
191,375,0.40093887590650645,True,27,-0.8764102762429076,influencer
825,192,0.38868868619108565,False,26,0.5116775111432901,influencer
668,205,0.6933497008902436,True,24,-0.3317094620857719,influencer
521,630,0.8445866995285384,True,23,0.1707365652293047,brand
329,740,0.9631351161791499,False,22,0.6216292686673432,influencer
954,393,0.3495399442249796,True,1,-0.858619743100544,individual
327,260,0.6322376396702902,False,8,0.3124354751653089,individual
747,879,0.08694674770661659,True,14,-0.3612173984246294,individual
570,818,0.7576313124528397,True,4,-0.7642557389304843,influencer
667,249,0.5395940078650899,True,6,-0.6109102357657941,individual
605,407,0.6028346423823617,True,28,-0.7474354604792333,influencer
92,143,0.5088182078273801,True,27,0.6775478975861022,influencer
286,55,0.010155384370674536,True,19,-0.4737832850785857,individual
363,528,0.9845049349805602,False,11,-0.23970177033876516,individual
333,67,0.7503748524652484,False,2,0.3202218251317126,influencer
260,629,0.48316498285344045,True,3,-0.43089914585498224,influencer
966,903,0.5597402233081582,False,12,-0.9201595087015775,brand
845,243,0.7855080833188198,False,22,-0.4501874026451458,influencer
213,66,0.03649392879915814,True,12,-0.6887733700254679,influencer
538,630,0.27207802132697123,True,1,0.3928620400201619,brand
698,532,0.28115421175852306,True,29,-0.6453720500467333,brand
129,83,0.4139543608109728,False,17,0.0504763623535307,influencer
992,704,0.5018034287783858,False,16,0.38388276621685224,brand
972,195,0.7508750911212274,False,25,-0.5562954745331881,individual
573,312,0.9752415788388744,False,23,0.4280173159589069,individual
106,521,0.27526551671731425,False,17,-0.9170795742323306,brand
916,730,0.016008534929487284,False,29,0.24959707400804887,influencer
546,127,0.6037925341459418,True,24,0.477555840814863,individual
363,529,0.5948257077496152,True,28,-0.09547944143555442,brand
834,182,0.789463876447049,False,27,0.746419010280986,influencer
722,251,0.24387429719759368,True,2,0.4815151437669136,influencer
413,819,0.9282733554945468,True,12,0.17237173489215318,brand
852,850,0.6212071803167493,False,5,0.48800112025183884,brand
577,667,0.4274494475532661,False,23,-0.3184843375782833,brand
903,258,0.7241426275525519,False,26,0.3770456997571763,brand
98,869,0.9251198283922826,False,24,0.9832154480574316,influencer
302,113,0.3613723746967803,True,24,-0.84724185609713,individual
221,829,0.6403197223996905,True,3,-0.5127405010847828,individual
772,919,0.1873897863711078,False,24,-0.2285349831745549,brand
563,168,0.27625179483837026,False,22,0.9036495299927658,brand
686,698,0.6745863471572685,False,18,-0.33105181207255785,individual
554,75,0.8982871600407204,False,23,0.6048316897293551,brand
430,810,0.172400810810027,True,12,0.5833814008772611,brand
455,77,0.43573191512911946,True,16,0.2636766936904056,influencer
262,303,0.9418725513614146,True,6,-0.760098420719326,individual
986,431,0.5496051942227596,False,20,0.08047463128392063,brand
610,710,0.11930261792124763,True,8,0.36070681125789505,individual
420,559,0.9154939795304295,False,17,0.18781329718530815,brand
504,544,0.043361449241765215,True,17,0.344694577697646,brand
672,124,0.3931542904450004,True,29,0.8092365890238211,influencer
281,95,0.19315836075342574,False,1,0.8046612082589217,influencer
273,180,0.5624032160040033,False,28,0.43889549482396073,influencer
722,376,0.4373613871886858,True,21,0.05072170838694934,individual
588,888,0.29499872505829694,True,15,-0.9015822996569036,individual
943,557,0.6689959196564811,True,11,-0.8831468032926768,brand
854,436,0.9500553102376523,True,6,0.07123709297261249,brand
951,736,0.6166190424750628,False,13,0.22598028545796955,individual
498,793,0.6812369523307129,True,12,0.8819811450281227,individual
579,428,0.04645308915103674,True,18,0.12201008944501623,individual
595,119,0.2439612927375694,False,12,-0.19717854576741822,brand
240,505,0.020546503283995987,True,5,-0.1263522224284117,brand
564,588,0.5960334827602722,True,3,-0.051563263319754915,influencer
482,288,0.47919897401008005,True,1,-0.3160134085776036,brand
804,607,0.6483441847716637,True,25,-0.31680895613117066,brand
410,494,0.6953129574814322,False,25,-0.6358453861372539,individual
904,827,0.25838538300306135,False,22,0.7171215480698356,individual
308,859,0.708058634599398,True,17,-0.4978586376498264,brand
638,437,0.996622533323549,True,6,-0.7138094478890227,influencer
945,397,0.29554142827176955,False,18,0.7874815498901166,influencer
997,488,0.3170793426674038,True,1,-0.7125430412594882,brand
866,577,0.7307653126917681,False,21,-0.8157384532073408,brand
857,972,0.3673764695156667,True,9,0.20563895411129218,brand
348,318,0.4936947905180077,False,26,0.9177158855365664,brand
487,667,0.8351168874261354,True,26,-0.6748105278596468,influencer
58,651,0.4568802724181874,False,25,0.4359011926583407,influencer
873,309,0.1841416216276649,True,14,-0.00534579941563984,influencer
714,328,0.04191722961704247,False,5,-0.26606837310507503,brand
895,411,0.1420137721603495,True,11,-0.582998562881845,brand
946,138,0.6206014293455557,False,19,0.5053360629516703,brand
930,185,0.690182679132935,True,12,-0.997578401517518,brand
691,301,0.2402722196760586,False,27,-0.051818444017748044,influencer
67,203,0.6973415562545389,True,20,0.9589083847860516,brand
953,329,0.41882288814666957,False,22,0.9788952613962705,influencer
867,491,0.6576584965509267,False,29,0.7097122754854592,brand
641,995,0.6817095786895905,False,11,-0.15802565857570894,brand
317,681,0.9958278154961789,False,11,0.9491803712949298,individual
381,185,0.48089385382432215,True,2,0.6080776002159798,brand
375,765,0.9796901070838687,False,18,0.9510548326731743,individual
151,748,0.49551483828505904,False,9,-0.8411101699005883,individual
671,420,0.24250815938080028,False,20,0.9208920310444788,brand
180,909,0.39919378927576865,True,7,0.6759992109960724,individual
571,430,0.18689341984143326,False,5,0.7020054955038351,influencer
384,649,0.8980537797932524,False,20,0.933092220961353,brand
81,225,0.21505182664152622,False,3,0.10781852509632839,brand
585,101,0.5461555126808356,False,29,0.7907986266537594,individual
823,416,0.4063476977551792,True,2,-0.8904098533687659,influencer
967,613,0.45379377177891,True,21,-0.4164325708427494,brand
937,687,0.11495759381716752,False,28,-0.9541048865704875,brand
363,715,0.07178040509617611,True,29,0.058274845472313874,influencer
958,782,0.5837353958342401,False,3,-0.6838527764881508,influencer
629,692,0.7433230945413075,True,11,0.5969759280182811,brand
280,374,0.7124698517291612,False,20,0.39621516446635385,individual
913,480,0.06786104163276063,False,29,0.2764577257052325,influencer
706,404,0.7200688824968158,False,13,-0.998776014136334,brand
883,834,0.9779725372572102,False,12,-0.6755856247414835,brand
889,133,0.13603536060238053,False,21,-0.0054293958545805765,influencer
80,183,0.13818469170519454,True,14,0.22807588122040645,brand
872,574,0.6464911201325109,False,13,-0.9733686227553169,individual
54,937,0.4174607834155133,False,4,0.2449842819238104,individual
715,867,0.907834699102156,True,27,-0.3433446992652245,individual
526,457,0.686572456156789,True,22,-0.7057369931537831,influencer
275,225,0.35022247833521514,False,25,-0.008827514424584848,influencer
687,700,0.18909253399766457,True,15,0.46937459668641446,individual
310,270,0.1627521704580388,False,6,0.150485665040772,influencer
753,530,0.8737105566172758,False,10,-0.16252444592184312,brand
360,580,0.20134684663656088,False,25,-0.34322619336588467,brand
318,173,0.7280739588758502,False,5,0.13459742670633879,brand
539,286,0.3524007382746406,True,15,-0.07739576364107159,brand
534,679,0.18457600414138542,False,14,0.6058031784971518,brand
977,460,0.8361079733690856,True,25,-0.35644962854607054,brand
397,61,0.7324387553415794,False,10,0.576981500325606,influencer
962,208,0.7055964296710088,True,10,0.0016494986163055891,individual
122,84,0.8545299585119134,True,15,-0.9048575809114894,brand
817,630,0.49648505349165695,False,10,0.842005003931731,influencer
817,345,0.13567027771075169,True,16,-0.11642014298644288,influencer
307,52,0.7826213799477739,False,19,0.9095113591047259,brand
910,428,0.5075165022735989,True,2,0.7500010292984722,individual
535,421,0.74402561702802,False,28,-0.3111138278975616,brand
434,437,0.9640145204449835,False,19,0.5082220922224854,brand
271,993,0.11319386677097976,True,24,-0.32932441790440214,brand
163,60,0.8212045031448664,False,27,0.18787462715862757,brand
876,77,0.5496739649730414,True,17,-0.5837519637179704,individual
787,328,0.4781767178276053,False,2,0.7295507954741043,influencer
376,440,0.3994923757124337,False,6,-0.9661431306015444,influencer
743,503,0.21595168983867685,False,16,-0.6583581144136381,individual
810,296,0.08624674373587937,False,15,-0.5183734526323462,individual
674,491,0.9271837985137455,False,5,-0.9668519249551639,individual
315,454,0.04170640250198343,False,10,-0.011434899405738275,influencer
741,657,0.3936921947080749,True,20,-0.6400973666885226,individual
276,337,0.8951170518990622,True,16,-0.9206745928547904,brand
545,229,0.30344666571081147,False,8,-0.19539537690682307,brand
803,330,0.4130007653275559,True,12,-0.8489190291011419,individual
781,261,0.8013663586457507,False,6,-0.1943686227244643,brand
570,653,0.34094939314518435,False,18,-0.23388035633292126,brand
69,259,0.4311986788889367,False,3,0.6080371008484318,brand
57,514,0.5729486745528528,True,19,0.633247015357076,individual
56,356,0.5511639934109346,True,21,0.23516607418325464,brand
159,701,0.24340598172539707,True,1,-0.9612833722485405,influencer
940,255,0.7713086264340956,False,14,0.3462870006617169,influencer
357,202,0.3557852686944937,False,15,0.3996339107479623,individual
229,576,0.5353856849175854,False,16,-0.9668910644397806,influencer
631,741,0.7828983245086835,True,9,-0.18770340401309893,brand
410,312,0.04353915411395792,True,14,-0.45243772243008373,individual
759,969,0.0377015527394341,True,6,-0.24628717400352174,influencer
